Asara,Alborz,Iran
Charbagh,Alborz,Iran
Eshtehard,Alborz,Iran
Fardis,Alborz,Iran
Garmdareh,Alborz,Iran
Golsar,Alborz,Iran
Hashtgerd,Alborz,Iran
Hashtgerd New City,Alborz,Iran
Kamalshahr,Alborz,Iran
Karaj,Alborz,Iran
Koohsar,Alborz,Iran
Mahdasht,Alborz,Iran
Mohammad Shahr,Alborz,Iran
Nazarabad,Alborz,Iran
Savojbolagh,Alborz,Iran
Taleqan,Alborz,Iran
Tankaman,Alborz,Iran
Abibeiglou,Ardabil,Iran
Anbaran,Ardabil,Iran
Ardabil,Ardabil,Iran
Aslan Duz,Ardabil,Iran
Bileh Savar,Ardabil,Iran
Eslāmābād,Ardabil,Iran
Fakhrabad,Ardabil,Iran
Germi,Ardabil,Iran
Hashjin,Ardabil,Iran
Hir,Ardabil,Iran
Jafarabad,Ardabil,Iran
Khalkhal,Ardabil,Iran
Kivi,Ardabil,Iran
Kolor,Ardabil,Iran
Kowsar,Ardabil,Iran
Kuraim,Ardabil,Iran
Lahroud,Ardabil,Iran
Meshgin Shahr,Ardabil,Iran
Moradlu,Ardabil,Iran
Namin,Ardabil,Iran
Nir,Ardabil,Iran
Omidcheh,Ardabil,Iran
Parsabad,Ardabil,Iran
Qasabeh,Ardabil,Iran
Razi,Ardabil,Iran
Sarein,Ardabil,Iran
Sareyn,Ardabil,Iran
Tazakand,Ardabil,Iran
Ab Pakhsh,Bushehr,Iran
Abad,Bushehr,Iran
Ahram,Bushehr,Iran
Alishahr,Bushehr,Iran
Anarestan,Bushehr,Iran
Asaluyeh,Bushehr,Iran
Baduleh,Bushehr,Iran
Banak,Bushehr,Iran
Bandar Bushehr,Bushehr,Iran
Bandar Deylam,Bushehr,Iran
Bandar Ganaveh,Bushehr,Iran
Bandar Rig,Bushehr,Iran
Bandar-e Kangan,Bushehr,Iran
BandarSiraf,Bushehr,Iran
Bardestan,Bushehr,Iran
Borazjan,Bushehr,Iran
Bord Khun,Bushehr,Iran
Boshkan,Bushehr,Iran
Bushehr,Bushehr,Iran
Choghadak,Bushehr,Iran
Dalaki,Bushehr,Iran
Dashtestan,Bushehr,Iran
Dashti,Bushehr,Iran
Dayyer,Bushehr,Iran
Delvar,Bushehr,Iran
Deylam,Bushehr,Iran
Dorahak,Bushehr,Iran
Genaveh,Bushehr,Iran
Imam Hassan,Bushehr,Iran
Jam,Bushehr,Iran
Kaki,Bushehr,Iran
Kalameh,Bushehr,Iran
Kangan,Bushehr,Iran
Kharg,Bushehr,Iran
Khark,Bushehr,Iran
Khormoj,Bushehr,Iran
Konar Torshan,Bushehr,Iran
Nakhl Taghi,Bushehr,Iran
Riz,Bushehr,Iran
Sadabad,Bushehr,Iran
Shaban Kareh,Bushehr,Iran
Shonbeh,Bushehr,Iran
Tang Eram,Bushehr,Iran
Tangestan,Bushehr,Iran
Vahdatiyeh,Bushehr,Iran
Aluni,Chaharmahal and Bakhtiari,Iran
Ardal,Chaharmahal and Bakhtiari,Iran
Babaheydar,Chaharmahal and Bakhtiari,Iran
Bazoft,Chaharmahal and Bakhtiari,Iran
Ben,Chaharmahal and Bakhtiari,Iran
Boldaji,Chaharmahal and Bakhtiari,Iran
Boroujen,Chaharmahal and Bakhtiari,Iran
Borujen,Chaharmahal and Bakhtiari,Iran
Chelgard,Chaharmahal and Bakhtiari,Iran
Chelgerd,Chaharmahal and Bakhtiari,Iran
Choliche,Chaharmahal and Bakhtiari,Iran
Dashtak,Chaharmahal and Bakhtiari,Iran
Dastena,Chaharmahal and Bakhtiari,Iran
Faradonbeh,Chaharmahal and Bakhtiari,Iran
Farrokh Shahr,Chaharmahal and Bakhtiari,Iran
Farrokhshahr,Chaharmahal and Bakhtiari,Iran
Farsan,Chaharmahal and Bakhtiari,Iran
Gahru,Chaharmahal and Bakhtiari,Iran
Gandoman,Chaharmahal and Bakhtiari,Iran
Gujan,Chaharmahal and Bakhtiari,Iran
Haarooni,Chaharmahal and Bakhtiari,Iran
Hafshejan,Chaharmahal and Bakhtiari,Iran
Junqan,Chaharmahal and Bakhtiari,Iran
Kaj,Chaharmahal and Bakhtiari,Iran
Kal Geh-ye Sardasht,Chaharmahal and Bakhtiari,Iran
Kiar,Chaharmahal and Bakhtiari,Iran
Kuhrang,Chaharmahal and Bakhtiari,Iran
Lordegan,Chaharmahal and Bakhtiari,Iran
Mal-e Khalifeh,Chaharmahal and Bakhtiari,Iran
Menj,Chaharmahal and Bakhtiari,Iran
Nafch,Chaharmahal and Bakhtiari,Iran
Naghan,Chaharmahal and Bakhtiari,Iran
Naghneh,Chaharmahal and Bakhtiari,Iran
Pordanjan,Chaharmahal and Bakhtiari,Iran
Saman,Chaharmahal and Bakhtiari,Iran
Samsami,Chaharmahal and Bakhtiari,Iran
SarKhun,Chaharmahal and Bakhtiari,Iran
Sefiddasht,Chaharmahal and Bakhtiari,Iran
Shahrekord,Chaharmahal and Bakhtiari,Iran
ShahrKian,Chaharmahal and Bakhtiari,Iran
Shalamzar ,Chaharmahal and Bakhtiari,Iran
Sudejan,Chaharmahal and Bakhtiari,Iran
Sureshjan,Chaharmahal and Bakhtiari,Iran
Taqanak,Chaharmahal and Bakhtiari,Iran
Vardanjan ,Chaharmahal and Bakhtiari,Iran
Abeshahmad,East Azerbaijan,Iran
Achachi,East Azerbaijan,Iran
Ahar,East Azerbaijan,Iran
Ajabshir,East Azerbaijan,Iran
Aqkend,East Azerbaijan,Iran
Azarshahr,East Azerbaijan,Iran
Bakhshāyesh,East Azerbaijan,Iran
Basmenj,East Azerbaijan,Iran
Benab e Marand,East Azerbaijan,Iran
Bonab,East Azerbaijan,Iran
Bostan Abad,East Azerbaijan,Iran
Bostanabad,East Azerbaijan,Iran
Charavimaq,East Azerbaijan,Iran
Duzduzan,East Azerbaijan,Iran
Gogan,East Azerbaijan,Iran
Hadishahr,East Azerbaijan,Iran
Hashtrood,East Azerbaijan,Iran
Hashtrud,East Azerbaijan,Iran
Heris,East Azerbaijan,Iran
Hurand,East Azerbaijan,Iran
Ilkhichi,East Azerbaijan,Iran
Javan Qala,East Azerbaijan,Iran
Jolfa,East Azerbaijan,Iran
Kaleybar,East Azerbaijan,Iran
Kelvanaq,East Azerbaijan,Iran
Khaje,East Azerbaijan,Iran
Khamaneh,East Azerbaijan,Iran
Kharajoo,East Azerbaijan,Iran
Kharvana,East Azerbaijan,Iran
Khoda Afarin,East Azerbaijan,Iran
Khomarlu,East Azerbaijan,Iran
Khosrowshah,East Azerbaijan,Iran
Koozehkonan,East Azerbaijan,Iran
Koshksaray,East Azerbaijan,Iran
Leilan,East Azerbaijan,Iran
Malekan,East Azerbaijan,Iran
Mamaqan,East Azerbaijan,Iran
Maragheh,East Azerbaijan,Iran
Marand,East Azerbaijan,Iran
Mehraban,East Azerbaijan,Iran
Mianeh,East Azerbaijan,Iran
Mobarak Abad,East Azerbaijan,Iran
Nazarkahrizi,East Azerbaijan,Iran
Osku,East Azerbaijan,Iran
Qareh Aghaj,East Azerbaijan,Iran
Sahand,East Azerbaijan,Iran
Sarab,East Azerbaijan,Iran
Sardroud,East Azerbaijan,Iran
Shabestar,East Azerbaijan,Iran
Sharabian,East Azerbaijan,Iran
Sharafkhaneh,East Azerbaijan,Iran
Shendabad,East Azerbaijan,Iran
Siahrood,East Azerbaijan,Iran
Sis,East Azerbaijan,Iran
Soufian,East Azerbaijan,Iran
Tabriz,East Azerbaijan,Iran
Tark,East Azerbaijan,Iran
Tasuj,East Azerbaijan,Iran
Tekmeh Dash,East Azerbaijan,Iran
Teymourlou,East Azerbaijan,Iran
Turkman Chay,East Azerbaijan,Iran
Vaighan,East Azerbaijan,Iran
Varzaqan,East Azerbaijan,Iran
Varzeqān,East Azerbaijan,Iran
Yamchi,East Azerbaijan,Iran
Zarnaq,East Azerbaijan,Iran
Zonouz,East Azerbaijan,Iran
Abadeh,Fars,Iran
Abadeh Tashk,Fars,Iran
Ahel,Fars,Iran
Akbarabad,Fars,Iran
Alamarvdasht,Fars,Iran
Arsanjan,Fars,Iran
Arsenjan,Fars,Iran
Ashkanan,Fars,Iran
Asir,Fars,Iran
Baba Monir,Fars,Iran
BabAnar,Fars,Iran
Bahman,Fars,Iran
Baladeh ,Fars,Iran
Banaruyeh,Fars,Iran
Bavanat,Fars,Iran
Beyram,Fars,Iran
Beyza,Fars,Iran
City Kazeroon,Fars,Iran
Dabiran,Fars,Iran
Darab,Fars,Iran
Dariun,Fars,Iran
Dehram,Fars,Iran
Dezhkord,Fars,Iran
DoBorji,Fars,Iran
Douzeh,Fars,Iran
Efzar,Fars,Iran
Eij,Fars,Iran
Emad Deh,Fars,Iran
Emam Shahr,Fars,Iran
Eqlid,Fars,Iran
Estahban,Fars,Iran
Evaz,Fars,Iran
Fadami ,Fars,Iran
Farashband,Fars,Iran
Fasa,Fars,Iran
Firuzabad,Fars,Iran
Galehdar,Fars,Iran
Gerash,Fars,Iran
Ghare Bolagh,Fars,Iran
Ghirokarzin,Fars,Iran
HajiAbad,Fars,Iran
Hamashahr,Fars,Iran
HasanAbad,Fars,Iran
Hesami,Fars,Iran
IzadKhast,Fars,Iran
Jahrom,Fars,Iran
JannatShahr,Fars,Iran
Juyom,Fars,Iran
Kamfiruz,Fars,Iran
Karzin,Fars,Iran
Kavar,Fars,Iran
Kazerun,Fars,Iran
KhaneZenian,Fars,Iran
Khaniman,Fars,Iran
Kharameh,Fars,Iran
Khavaran,Fars,Iran
Kherameh,Fars,Iran
Khesht,Fars,Iran
Khonj,Fars,Iran
Khoome Zar,Fars,Iran
Khoozi,Fars,Iran
Khorrambid,Fars,Iran
Khour,Fars,Iran
Konartakhteh,Fars,Iran
Kopen,Fars,Iran
Korei,Fars,Iran
Kouhenjan,Fars,Iran
Koushkak,Fars,Iran
Lamerd,Fars,Iran
Lapouyee,Fars,Iran
Lar,Fars,Iran
Larestan,Fars,Iran
Latifi,Fars,Iran
Mamasani,Fars,Iran
Marvdasht,Fars,Iran
Masiri,Fars,Iran
Mazayejan,Fars,Iran
Meshkan,Fars,Iran
Meymand,Fars,Iran
Miyanshahr,Fars,Iran
Mobarakabad,Fars,Iran
Mohr,Fars,Iran
Neyriz,Fars,Iran
No Bandegan,Fars,Iran
Nourabad,Fars,Iran
Nowdan,Fars,Iran
Nowjein,Fars,Iran
Nurabad,Fars,Iran
Pasargad,Fars,Iran
PirCity,Fars,Iran
Qaderabad,Fars,Iran
Qaemyeh,Fars,Iran
Qatruyeh,Fars,Iran
Qir va Karzin,Fars,Iran
QotbAbad,Fars,Iran
RonizOlya,Fars,Iran
Rostam,Fars,Iran
SaadatShahr,Fars,Iran
Sadra,Fars,Iran
Safashahr,Fars,Iran
Sarvestan,Fars,Iran
Sedeh,Fars,Iran
Sepidan,Fars,Iran
Seyedan,Fars,Iran
Sheshdeh,Fars,Iran
Shiraz,Fars,Iran
Soghad,Fars,Iran
SoltanShahr,Fars,Iran
Surmaq,Fars,Iran
Varavi,Fars,Iran
Zahedshahr,Fars,Iran
Zarghan,Fars,Iran
Zarrin Dasht,Fars,Iran
سروستان,Fars,Iran
Ahmadsargurab,Gilan,Iran
Amlash,Gilan,Iran
Asalem,Gilan,Iran
Astaneh-ye Ashrafiyeh,Gilan,Iran
astara,Gilan,Iran
Bandar Anzali,Gilan,Iran
Barehsar,Gilan,Iran
Bazar Jomeh,Gilan,Iran
Chaboksar,Gilan,Iran
Chaf and Chamkhaleh,Gilan,Iran
Choobar,Gilan,Iran
Deylaman,Gilan,Iran
Fuman,Gilan,Iran
Gurab Zarmikh,Gilan,Iran
Hashtpar,Gilan,Iran
Haviq,Gilan,Iran
Jirindih,Gilan,Iran
Kelachay,Gilan,Iran
Khomam,Gilan,Iran
Khoshkebijar,Gilan,Iran
Kiashahr,Gilan,Iran
Kuchesfahan,Gilan,Iran
Kumeleh,Gilan,Iran
Lahijan,Gilan,Iran
Langarud,Gilan,Iran
Lasht-e Nesha,Gilan,Iran
Lavandvil,Gilan,Iran
Lisar,Gilan,Iran
Louleman,Gilan,Iran
Lowshan,Gilan,Iran
Maklavan,Gilan,Iran
Manjil,Gilan,Iran
Marjaghal,Gilan,Iran
Masal,Gilan,Iran
Masuleh,Gilan,Iran
Otaghvar,Gilan,Iran
Paresar,Gilan,Iran
Rahimabad,Gilan,Iran
Ranekouh,Gilan,Iran
Rasht,Gilan,Iran
Rezvanshahr,Gilan,Iran
Rod Baneh,Gilan,Iran
Rostamabad,Gilan,Iran
Rudbar,Gilan,Iran
Rudsar,Gilan,Iran
Sangar,Gilan,Iran
Shaft,Gilan,Iran
Shalman,Gilan,Iran
Siahkal,Gilan,Iran
Someh Sara,Gilan,Iran
Talesh,Gilan,Iran
Tutkabon,Gilan,Iran
Vajargah,Gilan,Iran
Ziabar,Gilan,Iran
Aliabad-e-Katul,Golestan,Iran
Anbar Olum,Golestan,Iran
Aq Qala,Golestan,Iran
Aq Qayeh,Golestan,Iran
Azadshahr,Golestan,Iran
Bandar Torkaman,Golestan,Iran
Bandar-e Gaz,Golestan,Iran
Daland,Golestan,Iran
Faraqi,Golestan,Iran
Fazelabad,Golestan,Iran
Galikesh,Golestan,Iran
Gomish Tepe,Golestan,Iran
Gomishan,Golestan,Iran
Gonbad Kavus,Golestan,Iran
Gorgan,Golestan,Iran
Incheboron,Golestan,Iran
Jelin,Golestan,Iran
Kalaleh,Golestan,Iran
Khānbebin,Golestan,Iran
Kordkuy,Golestan,Iran
Maraveh,Golestan,Iran
Maraveh Tappeh,Golestan,Iran
Mazraeh,Golestan,Iran
Minudasht,Golestan,Iran
Neginshahr,Golestan,Iran
Nowdeh Khanduz,Golestan,Iran
Nowkandeh,Golestan,Iran
Qarnabad,Golestan,Iran
Ramian,Golestan,Iran
Sangdevin,Golestan,Iran
Sarkhon Kalateh,Golestan,Iran
Siminshahr,Golestan,Iran
Tatar Olia,Golestan,Iran
Torkaman,Golestan,Iran
Ab Meshkin,Hamadan,Iran
Abarlaq-e Sofla,Hamadan,Iran
Abdalan,Hamadan,Iran
Abdol Rahim,Hamadan,Iran
Abrumand,Hamadan,Iran
Abshineh,Hamadan,Iran
Abu ol Fathabad,Hamadan,Iran
Aghcheh Qayah,Hamadan,Iran
Ahmadabad-e Tappeh,Hamadan,Iran
Ahu Tappeh,Hamadan,Iran
Ajin,Hamadan,Iran
Ajorlu,Hamadan,Iran
Akanlu,Hamadan,Iran
Akleh,Hamadan,Iran
Alan-e Sofla,Hamadan,Iran
Alanjeh,Hamadan,Iran
Alfavut,Hamadan,Iran
Aliabad-e Posht Shahr,Hamadan,Iran
Amirabad-e Kord,Hamadan,Iran
Amzajerd,Hamadan,Iran
Angoshteh,Hamadan,Iran
Anjir Baghi,Hamadan,Iran
Ansar ol Emam,Hamadan,Iran
Anuch,Hamadan,Iran
Aq Bolagh-e Aqdaq,Hamadan,Iran
Aq Bolagh-e Latgah,Hamadan,Iran
Aq Bolagh-e Morshed,Hamadan,Iran
Aq Chay,Hamadan,Iran
Aqa Bolaghi,Hamadan,Iran
Aqa Jan Bolaghi,Hamadan,Iran
Aqaj,Hamadan,Iran
Aqcheh Kharabeh,Hamadan,Iran
Aqchelu,Hamadan,Iran
Arges-e Sofla,Hamadan,Iran
Arikan,Hamadan,Iran
Arpa Darreh,Hamadan,Iran
Arteh Bolagh,Hamadan,Iran
Artiman,Hamadan,Iran
Arzan Fud,Hamadan,Iran
Arzuvaj,Hamadan,Iran
Asadabad,Hamadan,Iran
Ashmizan,Hamadan,Iran
Avarzaman,Hamadan,Iran
Azandarian,Hamadan,Iran
Aznahri,Hamadan,Iran
Baba Khanjar,Hamadan,Iran
Baba Pir,Hamadan,Iran
Baba Qasem,Hamadan,Iran
Babolqani,Hamadan,Iran
Bad Khvoreh,Hamadan,Iran
Bahar,Hamadan,Iran
Band Aman,Hamadan,Iran
Banesareh,Hamadan,Iran
Baraband,Hamadan,Iran
Bargecheh,Hamadan,Iran
Barreh Farakh,Hamadan,Iran
Barzul,Hamadan,Iran
Bashqurtaran,Hamadan,Iran
Bazeran,Hamadan,Iran
Behkandan,Hamadan,Iran
Belartu,Hamadan,Iran
Beshik Tappeh,Hamadan,Iran
Biaj,Hamadan,Iran
Biatan-e Sofla,Hamadan,Iran
Bid Korpeh-ye Sofla,Hamadan,Iran
Bid Korpeh-ye Vosta,Hamadan,Iran
Bifanaj,Hamadan,Iran
Bighash,Hamadan,Iran
Bish Aghaj,Hamadan,Iran
Bitervan,Hamadan,Iran
Borjaki,Hamadan,Iran
Boyukabad,Hamadan,Iran
Bozchalu,Hamadan,Iran
Bozineh Jerd,Hamadan,Iran
Bujin,Hamadan,Iran
Bustandar,Hamadan,Iran
Buyaqchi,Hamadan,Iran
Chahar Bolagh,Hamadan,Iran
Chal Boqa,Hamadan,Iran
Chaleh Kand,Hamadan,Iran
Charoq,Hamadan,Iran
Chasht Khvoreh,Hamadan,Iran
Chenari,Hamadan,Iran
Cheshmeh Malek,Hamadan,Iran
Cheshmeh Pahn-e Nanaj,Hamadan,Iran
Cheshmeh Qandab,Hamadan,Iran
Cheshmeh Qareh,Hamadan,Iran
Cheshmeh Qassaban,Hamadan,Iran
Cheshmeh Valad,Hamadan,Iran
Cheshmeh Zowraq,Hamadan,Iran
Choqa Sarahi,Hamadan,Iran
Chowtash,Hamadan,Iran
Chulak Qapanuri,Hamadan,Iran
Dahnejerd,Hamadan,Iran
Dali Chu,Hamadan,Iran
Damaq,Hamadan,Iran
Daqdaqabad,Hamadan,Iran
Dar Qeshlaq,Hamadan,Iran
Darani-ye Sofla,Hamadan,Iran
Darcham,Hamadan,Iran
Darreh Chenar,Hamadan,Iran
Darreh Mianeh-ye Sofla,Hamadan,Iran
Darreh Mirza,Hamadan,Iran
Darreh-ye Ebrahim,Hamadan,Iran
Darsibeh,Hamadan,Iran
Davijan,Hamadan,Iran
Deh Chaneh,Hamadan,Iran
Deh Dalian,Hamadan,Iran
Deh Ful,Hamadan,Iran
Deh Mianeh,Hamadan,Iran
Deh Nush,Hamadan,Iran
Deh Piaz,Hamadan,Iran
Deh-e Shaker,Hamadan,Iran
Dehnow-e Avarzaman,Hamadan,Iran
Dingeleh Kahriz,Hamadan,Iran
Do Rudan,Hamadan,Iran
Doraneh,Hamadan,Iran
Dorudgaran,Hamadan,Iran
Dow Baraleh,Hamadan,Iran
Dowlatabad-e Hajjilu,Hamadan,Iran
Dowlujerdin-e Bala,Hamadan,Iran
Durijan,Hamadan,Iran
Durnian,Hamadan,Iran
Emamzadeh Khatun,Hamadan,Iran
Emamzadeh Pir Nahan,Hamadan,Iran
Eskanan,Hamadan,Iran
Fahrumand,Hamadan,Iran
Famast,Hamadan,Iran
Famenin,Hamadan,Iran
Farasfaj,Hamadan,Iran
Farsban,Hamadan,Iran
Farvaz,Hamadan,Iran
Faryazan,Hamadan,Iran
Fasijan,Hamadan,Iran
Fiazaman,Hamadan,Iran
Firuzabad-e Sofla,Hamadan,Iran
Firuzan,Hamadan,Iran
Gamasa,Hamadan,Iran
Gamasb,Hamadan,Iran
Ganj Tappeh,Hamadan,Iran
Ganjab,Hamadan,Iran
Gashani,Hamadan,Iran
Gav Zaban,Hamadan,Iran
Gavkaran,Hamadan,Iran
Ghazyatan,Hamadan,Iran
Gholam Veys,Hamadan,Iran
Givaki,Hamadan,Iran
Giyan,Hamadan,Iran
Gol Darreh-ye Anuch,Hamadan,Iran
Gol Heydar,Hamadan,Iran
Gol Tappeh,Hamadan,Iran
Golparabad,Hamadan,Iran
Golshir,Hamadan,Iran
Golushjerd,Hamadan,Iran
Gomush Bolagh,Hamadan,Iran
Gonbad Chay,Hamadan,Iran
Gonbad-e Kabud,Hamadan,Iran
Gostar,Hamadan,Iran
Gozal Abdal,Hamadan,Iran
Gug Qash,Hamadan,Iran
Gujak,Hamadan,Iran
Gulvand,Hamadan,Iran
Gunestan,Hamadan,Iran
Gur Gaz,Hamadan,Iran
Gurjiu,Hamadan,Iran
Gushalan,Hamadan,Iran
Gusheh-ye Kasavand,Hamadan,Iran
Hajji Kheder,Hamadan,Iran
Hajji Maqsud,Hamadan,Iran
Hajji Tu,Hamadan,Iran
Hamadan,Hamadan,Iran
Hamedan,Hamadan,Iran
Hamilabad,Hamadan,Iran
Hamzehlu-ye Sofla,Hamadan,Iran
Haramabad,Hamadan,Iran
Hasan Kusej,Hamadan,Iran
Hasan Teymur,Hamadan,Iran
Hasanabad-e Emam,Hamadan,Iran
Hasanabad-e Qush Bolagh,Hamadan,Iran
Hasanabad-e Sheverin,Hamadan,Iran
Heriraz,Hamadan,Iran
Hesar-e Qarah Baghi,Hamadan,Iran
Hesar-e Qujeh Baghi,Hamadan,Iran
Heydareh-ye Dar-e Emam,Hamadan,Iran
Heydareh-ye Posht-e Shahr,Hamadan,Iran
Hizaj,Hamadan,Iran
Holvar-e Sofla,Hamadan,Iran
Hom-e Khosrow,Hamadan,Iran
Horhoreh,Hamadan,Iran
Hoseynabad-e Bahar,Hamadan,Iran
Hoseynabad-e Nazem,Hamadan,Iran
Hoseynabad-e Shamlu,Hamadan,Iran
Hudaraj,Hamadan,Iran
Iraneh,Hamadan,Iran
Isti Bolagh,Hamadan,Iran
Jamishlu,Hamadan,Iran
Jaria,Hamadan,Iran
Javar Sajin,Hamadan,Iran
Jerbanlu,Hamadan,Iran
Jighi,Hamadan,Iran
Jijan Kuh,Hamadan,Iran
Jijian Rud,Hamadan,Iran
Jin Taraqayah,Hamadan,Iran
Jowkar,Hamadan,Iran
Juraqan,Hamadan,Iran
Kaboodrahang,Hamadan,Iran
Kabudrahang,Hamadan,Iran
Kahard,Hamadan,Iran
Kahkadan,Hamadan,Iran
Kahriz-e Baba Hoseyn,Hamadan,Iran
Kahriz-e Boqazi,Hamadan,Iran
Kahriz-e Hoseynabad-e Nazem,Hamadan,Iran
Kahriz-e Jamal,Hamadan,Iran
Kahriz-e Salim,Hamadan,Iran
Kal Kabud,Hamadan,Iran
Kalb Hesari,Hamadan,Iran
Kalilabad,Hamadan,Iran
Kamak-e Sofla,Hamadan,Iran
Kamar Boneh,Hamadan,Iran
Kamazan,Hamadan,Iran
Kand Halan,Hamadan,Iran
Kand Tappeh,Hamadan,Iran
Kand-e Bolaghi,Hamadan,Iran
Kangavar-e Kohneh,Hamadan,Iran
Karafs,Hamadan,Iran
Kark-e Sofla,Hamadan,Iran
Kartilabad,Hamadan,Iran
Kasavand,Hamadan,Iran
Kaslan Qayah,Hamadan,Iran
Kavanaj,Hamadan,Iran
Kesb,Hamadan,Iran
Keykaleh,Hamadan,Iran
Keyni Sayeh,Hamadan,Iran
Khabar Arkhi,Hamadan,Iran
Khaku,Hamadan,Iran
Khaleq Verdi,Hamadan,Iran
Khalil Kord,Hamadan,Iran
Kheradmand,Hamadan,Iran
Kheyr Qoli,Hamadan,Iran
Khomeygan,Hamadan,Iran
Khvajeh Hesar,Hamadan,Iran
Khvajeh Hoseyni,Hamadan,Iran
Khvajeh Kandi,Hamadan,Iran
Khvoshab-e Sofla,Hamadan,Iran
Kitu,Hamadan,Iran
Kohnush,Hamadan,Iran
Kolanjan,Hamadan,Iran
Konjineh,Hamadan,Iran
Kord Bolagh,Hamadan,Iran
Korzan,Hamadan,Iran
Kowzareh,Hamadan,Iran
Kuhani,Hamadan,Iran
Kur Kahriz,Hamadan,Iran
Kusaj Khalil,Hamadan,Iran
Kutah Darreh,Hamadan,Iran
Laleh Dan,Hamadan,Iran
Lalejin,Hamadan,Iran
Lamiyan,Hamadan,Iran
Latgah,Hamadan,Iran
Lavashan,Hamadan,Iran
Leyli Yadegar,Hamadan,Iran
Luluhar,Hamadan,Iran
Mahanabad,Hamadan,Iran
Mahbar,Hamadan,Iran
Mahdaviyeh,Hamadan,Iran
Mahnian,Hamadan,Iran
Malayer,Hamadan,Iran
Malek-e Ashtar,Hamadan,Iran
Malusan,Hamadan,Iran
Mangavi,Hamadan,Iran
Marvil,Hamadan,Iran
Maryanaj,Hamadan,Iran
Masjedin,Hamadan,Iran
Menjan,Hamadan,Iran
Mesinak,Hamadan,Iran
Meyvaleh,Hamadan,Iran
Mianzulan,Hamadan,Iran
Mihamleh-ye Sofla,Hamadan,Iran
Milab,Hamadan,Iran
Mirza Hesari,Hamadan,Iran
Mishen,Hamadan,Iran
Mobarakin,Hamadan,Iran
Mohajeran,Hamadan,Iran
Mohammadabad-e Chulak,Hamadan,Iran
Mohammadiyeh-e Sofla,Hamadan,Iran
Mohara,Hamadan,Iran
Mokarrabi,Hamadan,Iran
Molham Darreh,Hamadan,Iran
Molla Bodagh,Hamadan,Iran
Monavvar Tappeh,Hamadan,Iran
Morghabad,Hamadan,Iran
Mowdaran,Hamadan,Iran
Musa Bolaghi,Hamadan,Iran
Nahandar,Hamadan,Iran
Nahavand,Hamadan,Iran
Najafiyeh,Hamadan,Iran
Nakilabad,Hamadan,Iran
Nakin,Hamadan,Iran
Namileh,Hamadan,Iran
Nanaj,Hamadan,Iran
Nazul,Hamadan,Iran
Negar Khatun,Hamadan,Iran
Negarabad,Hamadan,Iran
Nehenjeh,Hamadan,Iran
Nesar,Hamadan,Iran
Neshar,Hamadan,Iran
Niyanj,Hamadan,Iran
Nosratabad-e Behraz,Hamadan,Iran
Nosratabad-e Laklak,Hamadan,Iran
Nurabad-e Simineh,Hamadan,Iran
Ojaq,Hamadan,Iran
Ommatlar,Hamadan,Iran
Oshtoran,Hamadan,Iran
Oshtorjin,Hamadan,Iran
Ovraqin,Hamadan,Iran
Owrteh Qamish,Hamadan,Iran
Owryad,Hamadan,Iran
Pahnabad,Hamadan,Iran
Panbeh Dar,Hamadan,Iran
Parluk,Hamadan,Iran
Parvaraq,Hamadan,Iran
Payandeh,Hamadan,Iran
Peyhan,Hamadan,Iran
Pileh Jin,Hamadan,Iran
Pir Anbar,Hamadan,Iran
Pir Badam,Hamadan,Iran
Pir Khodaverdi,Hamadan,Iran
Pir Malu,Hamadan,Iran
Pir Mishan,Hamadan,Iran
Pir Savaran,Hamadan,Iran
Pir Yusof,Hamadan,Iran
Piruz,Hamadan,Iran
Poshtjin,Hamadan,Iran
Qabanqoli,Hamadan,Iran
Qader Khalaj,Hamadan,Iran
Qadimi,Hamadan,Iran
Qahavand,Hamadan,Iran
Qajar Ab-e Sofla,Hamadan,Iran
Qarah Day,Hamadan,Iran
Qarah Tegini,Hamadan,Iran
Qaranqu Darreh,Hamadan,Iran
Qasabestan,Hamadan,Iran
Qasemabad-e Laklak,Hamadan,Iran
Qater Owlan,Hamadan,Iran
Qayesh,Hamadan,Iran
Qazan Qarah,Hamadan,Iran
Qazi Mardan,Hamadan,Iran
Qeshlaq Baba Rostam,Hamadan,Iran
Qeshlaq-e Anuch,Hamadan,Iran
Qeshlaq-e Deh Ful,Hamadan,Iran
Qeshlaq-e Dehnow,Hamadan,Iran
Qeshlaq-e Mohammadi,Hamadan,Iran
Qeshlaq-e Najaf,Hamadan,Iran
Qeshlaq-e Pust Shuran,Hamadan,Iran
Qeshlaq-e Qobad,Hamadan,Iran
Qeshlaq-e Shirazi,Hamadan,Iran
Qeshlaq-e Sofla,Hamadan,Iran
Qeshlaq-e Valiollah,Hamadan,Iran
Qeydli Bolagh,Hamadan,Iran
Qilab,Hamadan,Iran
Qohurd-e Sofla,Hamadan,Iran
Qoli Laleh-ye Sofla,Hamadan,Iran
Qolqolabad,Hamadan,Iran
Qorveh-e Darjazin,Hamadan,Iran
Quch Tappeh,Hamadan,Iran
Qushjeh,Hamadan,Iran
Rahmanabad Malayer,Hamadan,Iran
Ramishan,Hamadan,Iran
Rastguyan,Hamadan,Iran
Rasulabad-e Sofla,Hamadan,Iran
Ravand-e Vosta,Hamadan,Iran
Rayegan-e Sofla,Hamadan,Iran
Razaj,Hamadan,Iran
Razan,Hamadan,Iran
Razini,Hamadan,Iran
Reza Baghi,Hamadan,Iran
Rezvankadeh,Hamadan,Iran
Rivasijan,Hamadan,Iran
Robat-e Sheverin,Hamadan,Iran
Rud Avar,Hamadan,Iran
Rud-e Hasan-e Sofla,Hamadan,Iran
Safa Riz,Hamadan,Iran
Sahamabad,Hamadan,Iran
Salehabad,Hamadan,Iran
Salilak,Hamadan,Iran
Saluk,Hamadan,Iran
Samen,Hamadan,Iran
Sanaj,Hamadan,Iran
Sanjuzan,Hamadan,Iran
Sar Duran,Hamadan,Iran
Sarab-e Tajar,Hamadan,Iran
Saravak,Hamadan,Iran
Sarayjuq,Hamadan,Iran
Sarijlu,Hamadan,Iran
Sarkan,Hamadan,Iran
Saziyan,Hamadan,Iran
Sefid Khaneh,Hamadan,Iran
Segavi,Hamadan,Iran
Serkan,Hamadan,Iran
Setaq,Hamadan,Iran
Shademaneh,Hamadan,Iran
Shanabad,Hamadan,Iran
Shanjur,Hamadan,Iran
Sharifabad-e Quzan,Hamadan,Iran
Sharifabad-e Tajar,Hamadan,Iran
Shatzal,Hamadan,Iran
Shavand,Hamadan,Iran
Sheverin,Hamadan,Iran
Sheykh Jarrah,Hamadan,Iran
Shilandar-e Sofla,Hamadan,Iran
Shir Barat,Hamadan,Iran
Shirin Su,Hamadan,Iran
Shush Ab,Hamadan,Iran
Siah Goleh,Hamadan,Iran
Sib Dar,Hamadan,Iran
Silvar,Hamadan,Iran
Simin-e Abaru,Hamadan,Iran
Simin-e Zagheh,Hamadan,Iran
Siravand,Hamadan,Iran
Sistaneh,Hamadan,Iran
Solulan,Hamadan,Iran
Sorkh Kand,Hamadan,Iran
Sulijeh,Hamadan,Iran
Surtajin,Hamadan,Iran
Sutlaq,Hamadan,Iran
Tafrijan,Hamadan,Iran
Tahunabad,Hamadan,Iran
Tajar-e Samen,Hamadan,Iran
Takhtiabad,Hamadan,Iran
Taleh Jerd-e Sofla,Hamadan,Iran
Tamuzan,Hamadan,Iran
Tappeh Yazdan,Hamadan,Iran
Tappeh-ye Dibi,Hamadan,Iran
Taraqayah,Hamadan,Iran
Tarik Darreh-ye Bala,Hamadan,Iran
Tarkhinabad,Hamadan,Iran
Tas Tappeh,Hamadan,Iran
Tasbandi,Hamadan,Iran
Tasran,Hamadan,Iran
Tavaleh,Hamadan,Iran
Tavaneh,Hamadan,Iran
Taveh,Hamadan,Iran
Tavilan-e Sofla,Hamadan,Iran
Tazehnab-e Sofla,Hamadan,Iran
Termianak,Hamadan,Iran
Timi Jan,Hamadan,Iran
Tuchaqaz,Hamadan,Iran
Tulki Tappeh,Hamadan,Iran
Tusk-e Sofla,Hamadan,Iran
Tutal,Hamadan,Iran
Tuyserkan,Hamadan,Iran
Vafr-e Jin,Hamadan,Iran
Vahandeh,Hamadan,Iran
Vahman,Hamadan,Iran
Vahnan,Hamadan,Iran
Vali Mohammad,Hamadan,Iran
Vali Sir Ab,Hamadan,Iran
Vandarabad,Hamadan,Iran
Varayeneh,Hamadan,Iran
Varazaneh,Hamadan,Iran
Varchaq,Hamadan,Iran
Vardavard-e Sofla,Hamadan,Iran
Vardavard-e Vosta,Hamadan,Iran
Varkaneh,Hamadan,Iran
Varqestan,Hamadan,Iran
Varvazin,Hamadan,Iran
Vasaj,Hamadan,Iran
Vashur,Hamadan,Iran
Vasleh,Hamadan,Iran
Vesht,Hamadan,Iran
Vezendan,Hamadan,Iran
Yalfan,Hamadan,Iran
Yarom Qayah,Hamadan,Iran
Yaromjeh Bagh,Hamadan,Iran
Yeganeh,Hamadan,Iran
Yekanabad,Hamadan,Iran
Yekleh,Hamadan,Iran
Yeserlu,Hamadan,Iran
Yunes,Hamadan,Iran
Yunji,Hamadan,Iran
Zagheh-ye Anuch,Hamadan,Iran
Zagheh-ye Tasbandi,Hamadan,Iran
Zaghlijeh,Hamadan,Iran
Zamanabad-e Mohammadabad,Hamadan,Iran
Zangeneh,Hamadan,Iran
Zangeneh-ye Sofla,Hamadan,Iran
Zapon,Hamadan,Iran
Zaramin-e Sofla,Hamadan,Iran
Zarrin Bagh,Hamadan,Iran
Zeraq,Hamadan,Iran
Zirabiyeh,Hamadan,Iran
Abu Musa,Hormozgan,Iran
Abumusa ,Hormozgan,Iran
Bandar Abbas,Hormozgan,Iran
Bandar Charak,Hormozgan,Iran
Bandar Khamir,Hormozgan,Iran
Bandar Kong,Hormozgan,Iran
Bandar Lengeh,Hormozgan,Iran
Bandar-e-Jask,Hormozgan,Iran
Bashagard,Hormozgan,Iran
Bastak,Hormozgan,Iran
Bikah,Hormozgan,Iran
Dargahan,Hormozgan,Iran
Dashti,Hormozgan,Iran
Dehbārez,Hormozgan,Iran
Fareghan,Hormozgan,Iran
Fin,Hormozgan,Iran
Gerouk,Hormozgan,Iran
Gouharan,Hormozgan,Iran
Haji Abad,Hormozgan,Iran
Hajjiabad,Hormozgan,Iran
Hasht Bandi,Hormozgan,Iran
Hormuz,Hormozgan,Iran
Janah,Hormozgan,Iran
Jask,Hormozgan,Iran
Khamir,Hormozgan,Iran
Kish,Hormozgan,Iran
Koshkonar,Hormozgan,Iran
Kouhestak,Hormozgan,Iran
Lemazan,Hormozgan,Iran
Minab,Hormozgan,Iran
Parsian,Hormozgan,Iran
Qaleh Qazi,Hormozgan,Iran
Qeshm,Hormozgan,Iran
Rudan,Hormozgan,Iran
Ruydar,Hormozgan,Iran
Sardasht Bashagard,Hormozgan,Iran
Sargaz,Hormozgan,Iran
Senderk,Hormozgan,Iran
Sirik,Hormozgan,Iran
Suzā,Hormozgan,Iran
Takht,Hormozgan,Iran
Tazian,Hormozgan,Iran
Tirour,Hormozgan,Iran
Ziyārat Ali,Hormozgan,Iran
abdanan,Ilam,Iran
Arkavaz,Ilam,Iran
Aseman Abad,Ilam,Iran
Badreh,Ilam,Iran
Balavah Tareh,Ilam,Iran
Bedreh,Ilam,Iran
Chardavol County,Ilam,Iran
Chovar,Ilam,Iran
Darreh Shahr,Ilam,Iran
Dehloran,Ilam,Iran
Delgosha,Ilam,Iran
Eyvan,Ilam,Iran
Ilam,Ilam,Iran
Loumar,Ilam,Iran
Malekshahi,Ilam,Iran
Maymeh,Ilam,Iran
Mazhin,Ilam,Iran
Mehr,Ilam,Iran
Mehran,Ilam,Iran
Mousiyan,Ilam,Iran
Murmuri ,Ilam,Iran
Pahleh,Ilam,Iran
Saleh Abad,Ilam,Iran
Sarabbagh,Ilam,Iran
Sarableh,Ilam,Iran
Shabab,Ilam,Iran
Sirvan,Ilam,Iran
Tohid,Ilam,Iran
Zarneh,Ilam,Iran
Abouzeidabad,Isfahan,Iran
Abrisham,Isfahan,Iran
Afus,Isfahan,Iran
Alavijeh,Isfahan,Iran
Anarak,Isfahan,Iran
Aran va Bidgol,Isfahan,Iran
Ardestan,Isfahan,Iran
Asghar Abad,Isfahan,Iran
Askaran,Isfahan,Iran
Badroud,Isfahan,Iran
Bafrān,Isfahan,Iran
Baghbahadoran,Isfahan,Iran
Baghshad,Isfahan,Iran
Baharan Shahr,Isfahan,Iran
Baharestan,Isfahan,Iran
Barf Anbar,Isfahan,Iran
Barzok,Isfahan,Iran
Borkhvar,Isfahan,Iran
Buin va Miandasht,Isfahan,Iran
Chadegan,Isfahan,Iran
Chamgordan,Isfahan,Iran
Chermahin,Isfahan,Iran
Damaneh,Isfahan,Iran
Daran,Isfahan,Iran
Dastgerd,Isfahan,Iran
Dehagh,Isfahan,Iran
Dehaghan,Isfahan,Iran
Dehaqan,Isfahan,Iran
Diziche,Isfahan,Iran
Dolatabad,Isfahan,Iran
Dorcheh,Isfahan,Iran
Dorcheh Piaz,Isfahan,Iran
Dowlatabad,Isfahan,Iran
Esfahan,Isfahan,Iran
Ezhieh,Isfahan,Iran
Falavarjan,Isfahan,Iran
Fareydunshahr,Isfahan,Iran
Farrokhi,Isfahan,Iran
Fereydan,Isfahan,Iran
Fereydun Shahr,Isfahan,Iran
Fooladshahr,Isfahan,Iran
Gazborkhar,Isfahan,Iran
Ghahderijan,Isfahan,Iran
Ghamsar,Isfahan,Iran
Goldasht,Isfahan,Iran
Golpayegan,Isfahan,Iran
Golshahr,Isfahan,Iran
Golshan,Isfahan,Iran
Googad,Isfahan,Iran
Gorgab,Isfahan,Iran
Habibabad,Isfahan,Iran
Hanna,Isfahan,Iran
Harand,Isfahan,Iran
Hassan Abad,Isfahan,Iran
Imanshahr,Isfahan,Iran
Isfahan,Isfahan,Iran
Jandaq,Isfahan,Iran
Josheqaneqali,Isfahan,Iran
Jowsheqan va Kamu,Isfahan,Iran
Jowzdan,Isfahan,Iran
Kahrizsang,Isfahan,Iran
Karkevand,Isfahan,Iran
Kashan,Isfahan,Iran
Kelishad and Soderjaan,Isfahan,Iran
Kelishad va Sudarjan,Isfahan,Iran
Khaled Abad,Isfahan,Iran
Khansar,Isfahan,Iran
Khomeyni Shahr,Isfahan,Iran
Khorzugh,Isfahan,Iran
Khur,Isfahan,Iran
Khvansar,Isfahan,Iran
Komeh,Isfahan,Iran
Komshecheh,Isfahan,Iran
Kooshk,Isfahan,Iran
Kuhpayeh,Isfahan,Iran
Laybid,Isfahan,Iran
Lenjan,Isfahan,Iran
Mahabad,Isfahan,Iran
Majlesi,Isfahan,Iran
Manzariyeh,Isfahan,Iran
Mashkat,Isfahan,Iran
Meymeh,Isfahan,Iran
Mobarakeh,Isfahan,Iran
Mohammad Abad,Isfahan,Iran
Naein,Isfahan,Iran
Nain,Isfahan,Iran
Najafabad,Isfahan,Iran
Nasr Abad,Isfahan,Iran
Natanz,Isfahan,Iran
Niasar,Isfahan,Iran
Nik Abad,Isfahan,Iran
Nushabad,Isfahan,Iran
Pir Bakran,Isfahan,Iran
Qahderijan,Isfahan,Iran
Qahjavarestan,Isfahan,Iran
Rehnan,Isfahan,Iran
Rezvanshahr,Isfahan,Iran
Rezveh,Isfahan,Iran
Sedeh Lenjan,Isfahan,Iran
Sefid Shahr,Isfahan,Iran
Sejzi,Isfahan,Iran
Semirom,Isfahan,Iran
Shahin Shahr,Isfahan,Iran
Shahreza,Isfahan,Iran
Shapur Abad,Isfahan,Iran
Sin,Isfahan,Iran
Talkhooncheh,Isfahan,Iran
Tarq Rud,Isfahan,Iran
Tiran,Isfahan,Iran
Toodeshk,Isfahan,Iran
Vanak,Isfahan,Iran
Varnamkhast,Isfahan,Iran
Varzaneh,Isfahan,Iran
Vazvan,Isfahan,Iran
Zarinshahr,Isfahan,Iran
Zarrin Shahr,Isfahan,Iran
Zavareh,Isfahan,Iran
Zayandehrod,Isfahan,Iran
Zazeran,Isfahan,Iran
Ziar,Isfahan,Iran
Zibashahr,Isfahan,Iran
Aminshahr ,Kerman,Iran
Anar,Kerman,Iran
Anbarabad,Kerman,Iran
Andouhjerd,Kerman,Iran
Baft,Kerman,Iran
Bagheyn,Kerman,Iran
Bahreman,Kerman,Iran
Balvard,Kerman,Iran
Bam,Kerman,Iran
Baravat,Kerman,Iran
Bardsir,Kerman,Iran
Bezanjan,Kerman,Iran
Boluk,Kerman,Iran
Chatroud,Kerman,Iran
Darb-e Behesht,Kerman,Iran
Dashtkar,Kerman,Iran
Dehaj,Kerman,Iran
Dow Sari,Kerman,Iran
Ekhteyarabad,Kerman,Iran
Fahraj,Kerman,Iran
Faryab,Kerman,Iran
Ghalehganj,Kerman,Iran
Golbāf,Kerman,Iran
Golzar,Kerman,Iran
Gonbaki,Kerman,Iran
Hanza,Kerman,Iran
Hojedk,Kerman,Iran
Homashahr,Kerman,Iran
Jebalbarez,Kerman,Iran
Jiroft,Kerman,Iran
Joupar,Kerman,Iran
Jowzam,Kerman,Iran
Kahnooj,Kerman,Iran
Kahnuj,Kerman,Iran
Kazem Abad,Kerman,Iran
Kerman,Kerman,Iran
Khajoo Shahr,Kerman,Iran
Khanook,Kerman,Iran
KhatonAbad,Kerman,Iran
Khursand,Kerman,Iran
Kian Shahr,Kerman,Iran
Koshkuiyeh,Kerman,Iran
Kuh Sefid,Kerman,Iran
Kuhbanan,Kerman,Iran
Laleh zaar,Kerman,Iran
Mahan,Kerman,Iran
Manoojan,Kerman,Iran
Manujan,Kerman,Iran
Mardehak,Kerman,Iran
Mohammadabad,Kerman,Iran
MohyAbad,Kerman,Iran
Najaf Shahr,Kerman,Iran
Narmashir,Kerman,Iran
Negar,Kerman,Iran
Nezamshahr,Kerman,Iran
Nodej,Kerman,Iran
Orzueeyeh,Kerman,Iran
Orzuiyeh,Kerman,Iran
Pariz,Kerman,Iran
Qaleh Ganj,Kerman,Iran
Rabor,Kerman,Iran
Rafsanjan,Kerman,Iran
Ravar,Kerman,Iran
Rayen,Kerman,Iran
Reyhan,Kerman,Iran
Rigan,Kerman,Iran
Rudbar,Kerman,Iran
Safaiyeh,Kerman,Iran
Shahdad,Kerman,Iran
Shahrak Mes Sarcheshmeh,Kerman,Iran
Shahrbabak,Kerman,Iran
Sirjan,Kerman,Iran
Yazdan Shahr,Kerman,Iran
Zangiabad,Kerman,Iran
Zarand,Kerman,Iran
Zeh-e Kalut,Kerman,Iran
Zeydabad,Kerman,Iran
azeh Abad,Kermanshah,Iran
Banevreh,Kermanshah,Iran
Bayangan,Kermanshah,Iran
Bisotun,Kermanshah,Iran
Dalahu,Kermanshah,Iran
Eslamabad-e-Gharb,Kermanshah,Iran
Ezgeleh,Kermanshah,Iran
Gahvareh,Kermanshah,Iran
Gilan Gharb,Kermanshah,Iran
Gowdin,Kermanshah,Iran
Halashi,Kermanshah,Iran
Hamil,Kermanshah,Iran
Harsin,Kermanshah,Iran
Javanrud,Kermanshah,Iran
Kahriz,Kermanshah,Iran
Kangavar,Kermanshah,Iran
Kerend-e Gharb,Kermanshah,Iran
Kermanshah,Kermanshah,Iran
Kuzaran,Kermanshah,Iran
Mansur-e Aqai,Kermanshah,Iran
Miyan Rahan,Kermanshah,Iran
Nowdeshah,Kermanshah,Iran
Nowsud,Kermanshah,Iran
Paveh,Kermanshah,Iran
Qasr-e Shirin,Kermanshah,Iran
Ravansar,Kermanshah,Iran
Rijab,Kermanshah,Iran
Robat,Kermanshah,Iran
Sahneh,Kermanshah,Iran
Salas-e Baba Jani,Kermanshah,Iran
Sarpol Zahab,Kermanshah,Iran
Satar,Kermanshah,Iran
Sonqor,Kermanshah,Iran
Soomar,Kermanshah,Iran
Srmast,Kermanshah,Iran
Abadan,Khuzestan,Iran
Abezhdan,Khuzestan,Iran
Abou Homeyzeh,Khuzestan,Iran
Aghajari,Khuzestan,Iran
Ahvaz,Khuzestan,Iran
Alvan,Khuzestan,Iran
Andika,Khuzestan,Iran
Andimeshk,Khuzestan,Iran
Arvand Kenar,Khuzestan,Iran
Azadi,Khuzestan,Iran
Bagh Malek,Khuzestan,Iran
Baghmalek,Khuzestan,Iran
Bandar Imam Khomeini,Khuzestan,Iran
Bandar Mahshahr,Khuzestan,Iran
Bavi,Khuzestan,Iran
Behbahan,Khuzestan,Iran
Bidrubeh-ye,Khuzestan,Iran
Bostan,Khuzestan,Iran
Chamgolak,Khuzestan,Iran
Chamran Town,Khuzestan,Iran
Chavibdeh,Khuzestan,Iran
Choghamish,Khuzestan,Iran
Darkhovin,Khuzestan,Iran
Dehdez,Khuzestan,Iran
Dezful,Khuzestan,Iran
Elhayi,Khuzestan,Iran
FatholMobin,Khuzestan,Iran
Ghale Tol,Khuzestan,Iran
Golgir,Khuzestan,Iran
Gotvand,Khuzestan,Iran
Guriyeh,Khuzestan,Iran
Haftkel,Khuzestan,Iran
Hamidiyeh,Khuzestan,Iran
Hanzeh,Khuzestan,Iran
Hendijan,Khuzestan,Iran
Horr,Khuzestan,Iran
Hoseyniye,Khuzestan,Iran
Hosseinabad ,Khuzestan,Iran
Hoveyzeh,Khuzestan,Iran
Imam,Khuzestan,Iran
Izeh,Khuzestan,Iran
Jannat Makan,Khuzestan,Iran
Jayezan,Khuzestan,Iran
Jongiyeh,Khuzestan,Iran
Karun,Khuzestan,Iran
Khorramshahr,Khuzestan,Iran
Khorusi-ye Jonubi,Khuzestan,Iran
Kut Abdollah,Khuzestan,Iran
Kut-e Seyyed Naim,Khuzestan,Iran
Lali,Khuzestan,Iran
Mansuriyeh,Khuzestan,Iran
Masjed Soleyman,Khuzestan,Iran
Mianrood,Khuzestan,Iran
Midavod,Khuzestan,Iran
Minushahr,Khuzestan,Iran
Mollasani,Khuzestan,Iran
Moqavemat,Khuzestan,Iran
Moshrageh,Khuzestan,Iran
Omidiyeh,Khuzestan,Iran
Qaleh-ye Khvajeh,Khuzestan,Iran
Ramhormoz,Khuzestan,Iran
Ramshir,Khuzestan,Iran
Rofayyeh,Khuzestan,Iran
Safiabad,Khuzestan,Iran
Sāland,Khuzestan,Iran
Salehshahr,Khuzestan,Iran
Sar Dasht,Khuzestan,Iran
Sardarabad,Khuzestan,Iran
Semaleh,Khuzestan,Iran
Seydun,Khuzestan,Iran
Shadegan,Khuzestan,Iran
Shamsabad,Khuzestan,Iran
Sherafat,Khuzestan,Iran
Sheyban,Khuzestan,Iran
Shooshtar,Khuzestan,Iran
Shush,Khuzestan,Iran
Shushtar,Khuzestan,Iran
SiahMansur,Khuzestan,Iran
Susangerd,Khuzestan,Iran
Tashan,Khuzestan,Iran
Torkalaki,Khuzestan,Iran
Veys,Khuzestan,Iran
Zahreh,Khuzestan,Iran
Bahmai,Kohgiluyeh and Boyer-Ahmad,Iran
Basht,Kohgiluyeh and Boyer-Ahmad,Iran
Charam,Kohgiluyeh and Boyer-Ahmad,Iran
Chitab,Kohgiluyeh and Boyer-Ahmad,Iran
Choram,Kohgiluyeh and Boyer-Ahmad,Iran
Dehdasht,Kohgiluyeh and Boyer-Ahmad,Iran
Dishmok,Kohgiluyeh and Boyer-Ahmad,Iran
Dogonbadan,Kohgiluyeh and Boyer-Ahmad,Iran
Gachsaran,Kohgiluyeh and Boyer-Ahmad,Iran
Garab-e Sofla,Kohgiluyeh and Boyer-Ahmad,Iran
Kohgiluyeh,Kohgiluyeh and Boyer-Ahmad,Iran
Landeh,Kohgiluyeh and Boyer-Ahmad,Iran
Lendeh,Kohgiluyeh and Boyer-Ahmad,Iran
Likak,Kohgiluyeh and Boyer-Ahmad,Iran
Madavan,Kohgiluyeh and Boyer-Ahmad,Iran
Margoon,Kohgiluyeh and Boyer-Ahmad,Iran
Pataveh,Kohgiluyeh and Boyer-Ahmad,Iran
Qaleh Raisi,Kohgiluyeh and Boyer-Ahmad,Iran
sarfariyab,Kohgiluyeh and Boyer-Ahmad,Iran
Sisakht,Kohgiluyeh and Boyer-Ahmad,Iran
Suq,Kohgiluyeh and Boyer-Ahmad,Iran
Yasuj,Kohgiluyeh and Boyer-Ahmad,Iran
Armardeh,Kurdistan,Iran
Babarashani,Kurdistan,Iran
Baneh,Kurdistan,Iran
Bardeh Rasheh,Kurdistan,Iran
Bijar,Kurdistan,Iran
Boeen-e-Sofla,Kurdistan,Iran
Bolbanabad ,Kurdistan,Iran
Chnare,Kurdistan,Iran
Dehgolan,Kurdistan,Iran
Delbaran,Kurdistan,Iran
Dezej,Kurdistan,Iran
Divandarreh,Kurdistan,Iran
Hasanabad Yasukand,Kurdistan,Iran
Kamyaran,Kurdistan,Iran
Kani Dinar,Kurdistan,Iran
Kani Sur,Kurdistan,Iran
Marivan,Kurdistan,Iran
Muchesh,Kurdistan,Iran
Pir Taj,Kurdistan,Iran
Qorveh,Kurdistan,Iran
Saheb,Kurdistan,Iran
Sanandaj,Kurdistan,Iran
Saqqez,Kurdistan,Iran
Sarvabad,Kurdistan,Iran
Serish Abad,Kurdistan,Iran
Shuyesheh,Kurdistan,Iran
Tup Aghaj,Kurdistan,Iran
Uraman Takht,Kurdistan,Iran
Zarrineh ,Kurdistan,Iran
Aleshtar,Lorestan,Iran
Aligudarz,Lorestan,Iran
Azna,Lorestan,Iran
Bayranshahr,Lorestan,Iran
Borujerd,Lorestan,Iran
Chalan Chulan,Lorestan,Iran
Chaqabol,Lorestan,Iran
Darb Gonbad,Lorestan,Iran
Delfan,Lorestan,Iran
Dorud,Lorestan,Iran
Firouz Abad,Lorestan,Iran
Garab,Lorestan,Iran
Haft Cheshmeh,Lorestan,Iran
Khorramabad,Lorestan,Iran
Kuhdasht,Lorestan,Iran
Kunani,Lorestan,Iran
Mamulan,Lorestan,Iran
Momen Abad,Lorestan,Iran
Nurabad,Lorestan,Iran
Oshtorinan,Lorestan,Iran
Pol Dokhtar,Lorestan,Iran
Pol-e Dokhtar,Lorestan,Iran
Rumeshkhan County,Lorestan,Iran
Sarab-e Dowreh,Lorestan,Iran
Selseleh,Lorestan,Iran
Sepid Dasht,Lorestan,Iran
Shool Abad,Lorestan,Iran
Vasian,Lorestan,Iran
Veysian,Lorestan,Iran
Zagheh,Lorestan,Iran
Abyek,Markazi,Iran
Arak,Markazi,Iran
Ashtian,Markazi,Iran
Astaneh,Markazi,Iran
Aveh,Markazi,Iran
Davoud Abad,Markazi,Iran
Delijan,Markazi,Iran
Farahan,Markazi,Iran
Farmahin,Markazi,Iran
Gharqabad,Markazi,Iran
Ghurchi Bashi,Markazi,Iran
Hendoudar,Markazi,Iran
Javarseyan,Markazi,Iran
Karchan,Markazi,Iran
Khenejin,Markazi,Iran
Khomein,Markazi,Iran
Khomeyn,Markazi,Iran
Khondab,Markazi,Iran
Khoshkrud,Markazi,Iran
Komijan,Markazi,Iran
Mahalat,Markazi,Iran
Mahallat,Markazi,Iran
Mamuniyeh,Markazi,Iran
Milajerd,Markazi,Iran
Mohajeran,Markazi,Iran
Naragh,Markazi,Iran
Nimvar,Markazi,Iran
Nowbaran,Markazi,Iran
Parandak,Markazi,Iran
Razeqan,Markazi,Iran
Saroogh,Markazi,Iran
Saveh,Markazi,Iran
Shahbaz,Markazi,Iran
Shazand,Markazi,Iran
Tafresh,Markazi,Iran
Tureh,Markazi,Iran
Zarandiyeh,Markazi,Iran
Zavieh,Markazi,Iran
Abbasabad,Mazandaran,Iran
Alasht,Mazandaran,Iran
Amir Kala,Mazandaran,Iran
Amol,Mazandaran,Iran
Arateh,Mazandaran,Iran
Babol,Mazandaran,Iran
Babolsar,Mazandaran,Iran
Bahnamir,Mazandaran,Iran
Baladeh,Mazandaran,Iran
Behshahr,Mazandaran,Iran
Chalus,Mazandaran,Iran
Chamestan,Mazandaran,Iran
Dabudasht,Mazandaran,Iran
Emamzade Abdollah,Mazandaran,Iran
Farim,Mazandaran,Iran
Fereydunkenar,Mazandaran,Iran
Galugah,Mazandaran,Iran
Gatab,Mazandaran,Iran
Gazanak,Mazandaran,Iran
Hachiroud,Mazandaran,Iran
Izadshahr,Mazandaran,Iran
Juybar,Mazandaran,Iran
Kalar Dasht,Mazandaran,Iran
Kalleh Bast,Mazandaran,Iran
Kelarabad,Mazandaran,Iran
Kelardasht,Mazandaran,Iran
Ketalem and Sadat Shahr,Mazandaran,Iran
Khalil Shahr,Mazandaran,Iran
Khorramabad,Mazandaran,Iran
Khoshroud Pey,Mazandaran,Iran
Kia Kola,Mazandaran,Iran
Kiasar,Mazandaran,Iran
Kojur,Mazandaran,Iran
Kuhi Khil,Mazandaran,Iran
Mahmudabad,Mazandaran,Iran
Marzanabad,Mazandaran,Iran
Marzikola,Mazandaran,Iran
Miandorud,Mazandaran,Iran
Nashtarud,Mazandaran,Iran
Neka,Mazandaran,Iran
Nowshahr,Mazandaran,Iran
Nur,Mazandaran,Iran
Paein Hoular,Mazandaran,Iran
Pol Sefid,Mazandaran,Iran
Pul,Mazandaran,Iran
Qaem Shahr,Mazandaran,Iran
Qaemshahr,Mazandaran,Iran
Ramsar,Mazandaran,Iran
Rineh,Mazandaran,Iran
Rostam kola,Mazandaran,Iran
Royan,Mazandaran,Iran
Salman Shahr,Mazandaran,Iran
Sari,Mazandaran,Iran
Savadkuh,Mazandaran,Iran
Shirgah,Mazandaran,Iran
Shirud,Mazandaran,Iran
Simorgh County,Mazandaran,Iran
Sorkh Roud,Mazandaran,Iran
Surak,Mazandaran,Iran
Tonekabon,Mazandaran,Iran
Zargarmahalleh,Mazandaran,Iran
Zirab,Mazandaran,Iran
Ashkhaneh,North Khorasan,Iran
Ava,North Khorasan,Iran
Bojnurd,North Khorasan,Iran
Chenaran Shahr,North Khorasan,Iran
Daraq,North Khorasan,Iran
Esfarayen,North Khorasan,Iran
Farooj,North Khorasan,Iran
Faruj,North Khorasan,Iran
Garmeh,North Khorasan,Iran
Hesar-e Garmkhan,North Khorasan,Iran
Ivar,North Khorasan,Iran
Jajarm,North Khorasan,Iran
Lujali,North Khorasan,Iran
Maneh va Samalqan,North Khorasan,Iran
Pish Ghaleh,North Khorasan,Iran
Qazi,North Khorasan,Iran
Qushkhaneh,North Khorasan,Iran
Raz,North Khorasan,Iran
Safiabad,North Khorasan,Iran
Sankhast,North Khorasan,Iran
Shirvan,North Khorasan,Iran
Shoqan,North Khorasan,Iran
Titkanlu,North Khorasan,Iran
Ziarat,North Khorasan,Iran
Abgarm,Qazvin,Iran
Abyek,Qazvin,Iran
Alborz,Qazvin,Iran
Alvand,Qazvin,Iran
Ardagh,Qazvin,Iran
Avaj,Qazvin,Iran
Bidestan,Qazvin,Iran
Buin Zahra,Qazvin,Iran
Danesfahan,Qazvin,Iran
Eqbaliyeh,Qazvin,Iran
Esfarvarin,Qazvin,Iran
Khakali,Qazvin,Iran
Khorramdasht,Qazvin,Iran
Kouhin,Qazvin,Iran
Mahmood Abad nemooneh,Qazvin,Iran
Moallem Kelayeh,Qazvin,Iran
Mohammadiyeh ,Qazvin,Iran
Narjeh,Qazvin,Iran
Qazvin,Qazvin,Iran
Razmian,Qazvin,Iran
Sagz Abad,Qazvin,Iran
Shal,Qazvin,Iran
Sharif Abad,Qazvin,Iran
Sirdan,Qazvin,Iran
Takestan,Qazvin,Iran
Ziaabad,Qazvin,Iran
Dastjerd,Qom,Iran
Jafarie,Qom,Iran
Kahak,Qom,Iran
Qanavat,Qom,Iran
Qom,Qom,Iran
Salafchegan,Qom,Iran
Ahmad-abad-e-Solat,Razavi Khorasan,Iran
Anabad,Razavi Khorasan,Iran
Bajestan,Razavi Khorasan,Iran
Bajgiran,Razavi Khorasan,Iran
Bakharz,Razavi Khorasan,Iran
Bar,Razavi Khorasan,Iran
Bardaskan,Razavi Khorasan,Iran
Bayg,Razavi Khorasan,Iran
Beydokht,Razavi Khorasan,Iran
Binalud,Razavi Khorasan,Iran
Chakaneh,Razavi Khorasan,Iran
Chapeshlu,Razavi Khorasan,Iran
Chenaran,Razavi Khorasan,Iran
Dargaz,Razavi Khorasan,Iran
Darrod,Razavi Khorasan,Iran
Davarzan,Razavi Khorasan,Iran
Dowlat Abad,Razavi Khorasan,Iran
Eshqabad,Razavi Khorasan,Iran
Farhadgerd,Razavi Khorasan,Iran
Fariman,Razavi Khorasan,Iran
Feyz Abad,Razavi Khorasan,Iran
Firouzeh,Razavi Khorasan,Iran
Firuzeh,Razavi Khorasan,Iran
Ghadamgah,Razavi Khorasan,Iran
Golbahar,Razavi Khorasan,Iran
Golmakan,Razavi Khorasan,Iran
Gonabad,Razavi Khorasan,Iran
Hemmatabad,Razavi Khorasan,Iran
Jangal,Razavi Khorasan,Iran
Joghatay,Razavi Khorasan,Iran
Joveyn,Razavi Khorasan,Iran
Kadkan,Razavi Khorasan,Iran
Kakhk,Razavi Khorasan,Iran
Kalat,Razavi Khorasan,Iran
Kariz,Razavi Khorasan,Iran
Kashmar,Razavi Khorasan,Iran
Khaf,Razavi Khorasan,Iran
Khalil Abad,Razavi Khorasan,Iran
Khalilabad,Razavi Khorasan,Iran
Kharv,Razavi Khorasan,Iran
Khowshab,Razavi Khorasan,Iran
Khvaf,Razavi Khorasan,Iran
Kondor,Razavi Khorasan,Iran
Lotfabad,Razavi Khorasan,Iran
Mah Velat,Razavi Khorasan,Iran
Mashhad,Razavi Khorasan,Iran
Mashhad Rizeh,Razavi Khorasan,Iran
Mazdavand,Razavi Khorasan,Iran
Molkabad,Razavi Khorasan,Iran
Nashtifan,Razavi Khorasan,Iran
Nasrabad,Razavi Khorasan,Iran
Neghab,Razavi Khorasan,Iran
Neyshabur,Razavi Khorasan,Iran
Nil Shahr,Razavi Khorasan,Iran
Nokhandan,Razavi Khorasan,Iran
Qalandarabad,Razavi Khorasan,Iran
Qasemabad,Razavi Khorasan,Iran
Quchan,Razavi Khorasan,Iran
Rashtkhar,Razavi Khorasan,Iran
Razaviye,Razavi Khorasan,Iran
Rivash,Razavi Khorasan,Iran
Robat-e-Sang,Razavi Khorasan,Iran
Roshtkhvar,Razavi Khorasan,Iran
Rudab,Razavi Khorasan,Iran
Sabzevar,Razavi Khorasan,Iran
Salami,Razavi Khorasan,Iran
Saleh Abad,Razavi Khorasan,Iran
Samen,Razavi Khorasan,Iran
Sangan,Razavi Khorasan,Iran
Sarakhs,Razavi Khorasan,Iran
Sefid Sang,Razavi Khorasan,Iran
Shadmehr,Razavi Khorasan,Iran
Shahrabad,Razavi Khorasan,Iran
Shahrezu,Razavi Khorasan,Iran
Shandiz,Razavi Khorasan,Iran
Sheshtamad,Razavi Khorasan,Iran
Soltanabad,Razavi Khorasan,Iran
Taybad,Razavi Khorasan,Iran
Torbat Heydariyeh,Razavi Khorasan,Iran
Torbat-e-Jam,Razavi Khorasan,Iran
Torghabeh,Razavi Khorasan,Iran
Yunesi,Razavi Khorasan,Iran
Zaveh,Razavi Khorasan,Iran
Amiriyeh,Semnan,Iran
Aradan,Semnan,Iran
Bastam,Semnan,Iran
Biyārjomand,Semnan,Iran
Damghan,Semnan,Iran
Darjazin,Semnan,Iran
Dibaj,Semnan,Iran
Eyvanekey,Semnan,Iran
Garmsar,Semnan,Iran
kalāte Khij,Semnan,Iran
Kalāteh,Semnan,Iran
Kohanabad,Semnan,Iran
Mahdi Shahr,Semnan,Iran
Mahdishahr,Semnan,Iran
Mayamey,Semnan,Iran
Mojen,Semnan,Iran
Rodian,Semnan,Iran
Semnan,Semnan,Iran
Shahmirzad,Semnan,Iran
Shahroud,Semnan,Iran
Shahrud,Semnan,Iran
Sorkheh,Semnan,Iran
Adimi,Sistan and Baluchestan,Iran
Bampour,Sistan and Baluchestan,Iran
Bazmān,Sistan and Baluchestan,Iran
Bent,Sistan and Baluchestan,Iran
Bonjār,Sistan and Baluchestan,Iran
Chabahar,Sistan and Baluchestan,Iran
Dalgan,Sistan and Baluchestan,Iran
Dust Mohammad,Sistan and Baluchestan,Iran
Espakeh,Sistan and Baluchestan,Iran
Fanouj,Sistan and Baluchestan,Iran
Fanuj,Sistan and Baluchestan,Iran
Golmorti,Sistan and Baluchestan,Iran
Gosht,Sistan and Baluchestan,Iran
Hamoon,Sistan and Baluchestan,Iran
Hidouj,Sistan and Baluchestan,Iran
Hirmand,Sistan and Baluchestan,Iran
Iranshahr,Sistan and Baluchestan,Iran
Jālq,Sistan and Baluchestan,Iran
Khash,Sistan and Baluchestan,Iran
Konarak,Sistan and Baluchestan,Iran
Mehrestan,Sistan and Baluchestan,Iran
Mirjaveh,Sistan and Baluchestan,Iran
Mohamadan,Sistan and Baluchestan,Iran
Mohammadābād,Sistan and Baluchestan,Iran
Mohammadi,Sistan and Baluchestan,Iran
Negour,Sistan and Baluchestan,Iran
Nikshahr,Sistan and Baluchestan,Iran
Nimruz,Sistan and Baluchestan,Iran
Nosrat Abad,Sistan and Baluchestan,Iran
Nosratabad,Sistan and Baluchestan,Iran
Noukābād,Sistan and Baluchestan,Iran
Pishin,Sistan and Baluchestan,Iran
Qasr-e-qand,Sistan and Baluchestan,Iran
Rāsk,Sistan and Baluchestan,Iran
Saravan,Sistan and Baluchestan,Iran
Sarbaz,Sistan and Baluchestan,Iran
Sib va Suran,Sistan and Baluchestan,Iran
Sirkān,Sistan and Baluchestan,Iran
Suran,Sistan and Baluchestan,Iran
Zabol,Sistan and Baluchestan,Iran
Zaboli,Sistan and Baluchestan,Iran
Zahak,Sistan and Baluchestan,Iran
Zahedan,Sistan and Baluchestan,Iran
Zarābād,Sistan and Baluchestan,Iran
Zehak,Sistan and Baluchestan,Iran
Arian Shahr,South Khorasan,Iran
Asadieh,South Khorasan,Iran
Ayask,South Khorasan,Iran
Birjand,South Khorasan,Iran
Boshrouyeh,South Khorasan,Iran
Boshruyeh,South Khorasan,Iran
Darmian,South Khorasan,Iran
Deyhuk,South Khorasan,Iran
Eresk,South Khorasan,Iran
Esfedan,South Khorasan,Iran
Eshqabad,South Khorasan,Iran
Eslamiyeh,South Khorasan,Iran
Ferdows,South Khorasan,Iran
Gazik,South Khorasan,Iran
Ghayen,South Khorasan,Iran
Ghohestan,South Khorasan,Iran
Hajiabad,South Khorasan,Iran
Khezri Dashtebayaz,South Khorasan,Iran
Khusf,South Khorasan,Iran
Mohammad Shahr,South Khorasan,Iran
Mud,South Khorasan,Iran
Nehbandan,South Khorasan,Iran
Nimbolook,South Khorasan,Iran
Qaen,South Khorasan,Iran
Sarayan,South Khorasan,Iran
Sarbishe,South Khorasan,Iran
Sarbisheh,South Khorasan,Iran
Seh Qaleh,South Khorasan,Iran
Shusf,South Khorasan,Iran
Tabas,South Khorasan,Iran
Tabas Masina,South Khorasan,Iran
Zirkuh,South Khorasan,Iran
Zohaan,South Khorasan,Iran
Abali,Tehran,Iran
Absard,Tehran,Iran
Ahmadabad-E Mostowfi,Tehran,Iran
Andisheh,Tehran,Iran
Arjmand,Tehran,Iran
Baghershahr,Tehran,Iran
Baghestan,Tehran,Iran
Baharestan,Tehran,Iran
Bumehen,Tehran,Iran
Chahar Dangeh,Tehran,Iran
Damavand,Tehran,Iran
Eqbaliyeh,Tehran,Iran
Eslamshahr,Tehran,Iran
Fasham,Tehran,Iran
Ferdosiye,Tehran,Iran
Ferunabad,Tehran,Iran
Firuzkuh,Tehran,Iran
Golestan,Tehran,Iran
Hasanabad,Tehran,Iran
Javadabad,Tehran,Iran
Kahrizak,Tehran,Iran
Kilan,Tehran,Iran
Lavasan,Tehran,Iran
Malard,Tehran,Iran
Nasimshahr,Tehran,Iran
Nasirshahr,Tehran,Iran
Pakdasht,Tehran,Iran
Parand,Tehran,Iran
Pardis,Tehran,Iran
Pishva,Tehran,Iran
Qarchak,Tehran,Iran
Qods,Tehran,Iran
Rey,Tehran,Iran
Robat Karim,Tehran,Iran
Rudehen,Tehran,Iran
Sabashahr,Tehran,Iran
Safadasht,Tehran,Iran
salehie,Tehran,Iran
Shahedshahr,Tehran,Iran
Shahr-e-Rey,Tehran,Iran
Shahrak-e Emam Hasan,Tehran,Iran
Shahriar,Tehran,Iran
Sharifabad,Tehran,Iran
Shemiranat,Tehran,Iran
Shemshak,Tehran,Iran
Soleh Bon,Tehran,Iran
Tajrish,Tehran,Iran
Taleb abad,Tehran,Iran
Tehran,Tehran,Iran
Vahidieh,Tehran,Iran
Varamin,Tehran,Iran
Avajiq,West Azarbaijan,Iran
Baruq,West Azarbaijan,Iran
Bazargan,West Azarbaijan,Iran
Bukan,West Azarbaijan,Iran
Chaldoran,West Azarbaijan,Iran
Charburj,West Azarbaijan,Iran
Chaypareh,West Azarbaijan,Iran
Dizaj Diz,West Azarbaijan,Iran
Evogli,West Azarbaijan,Iran
Firuraq,West Azarbaijan,Iran
Gerd Kashaneh,West Azarbaijan,Iran
Keshavarz,West Azarbaijan,Iran
Khalifan,West Azarbaijan,Iran
Khowy,West Azarbaijan,Iran
Khoy,West Azarbaijan,Iran
Mahabad,West Azarbaijan,Iran
Mahmoodabad,West Azarbaijan,Iran
Maku,West Azarbaijan,Iran
Marganlar,West Azarbaijan,Iran
Miandoab,West Azarbaijan,Iran
Mirabad,West Azarbaijan,Iran
Mohammadyar,West Azarbaijan,Iran
Nalous,West Azarbaijan,Iran
Naqadeh,West Azarbaijan,Iran
Nazok-e Olya,West Azarbaijan,Iran
Noshin,West Azarbaijan,Iran
Oshnavieh,West Azarbaijan,Iran
Oshnaviyeh,West Azarbaijan,Iran
Piranshahr,West Azarbaijan,Iran
Poldasht,West Azarbaijan,Iran
Qarahziyaeddin,West Azarbaijan,Iran
Qotur,West Azarbaijan,Iran
Qushchi,West Azarbaijan,Iran
Rabat,West Azarbaijan,Iran
Salmas,West Azarbaijan,Iran
Sardasht,West Azarbaijan,Iran
Serow,West Azarbaijan,Iran
Shahin Dej,West Azarbaijan,Iran
Showt,West Azarbaijan,Iran
Siah Cheshmeh,West Azarbaijan,Iran
Silvana,West Azarbaijan,Iran
Simmineh,West Azarbaijan,Iran
Takab,West Azarbaijan,Iran
Taze Shar,West Azarbaijan,Iran
Urmia,West Azarbaijan,Iran
Zurabad,West Azarbaijan,Iran
Abarkooh,Yazd,Iran
Abarkuh,Yazd,Iran
Ahmadabad,Yazd,Iran
Aqda,Yazd,Iran
Ardakan,Yazd,Iran
Ashkezar,Yazd,Iran
Bafgh,Yazd,Iran
Bafq,Yazd,Iran
Bafruiyeh,Yazd,Iran
Bahabad,Yazd,Iran
Behabad,Yazd,Iran
Hamidia,Yazd,Iran
Harat,Yazd,Iran
Khatam,Yazd,Iran
Khavas Kuh,Yazd,Iran
Khezrabad,Yazd,Iran
Mahriz,Yazd,Iran
Marvast,Yazd,Iran
Mehrdasht,Yazd,Iran
Mehriz,Yazd,Iran
Meybod,Yazd,Iran
Nir,Yazd,Iran
Nodoushan,Yazd,Iran
Shahedieh,Yazd,Iran
Tabas,Yazd,Iran
Taft,Yazd,Iran
Yazd,Yazd,Iran
Zarach,Yazd,Iran
Abbar,Zanjan,Iran
Abhar,Zanjan,Iran
Alvand,Zanjan,Iran
Armaqankhaneh,Zanjan,Iran
Chavarzagh,Zanjan,Iran
Dandi,Zanjan,Iran
Garmaab,Zanjan,Iran
Halab,Zanjan,Iran
Hidaj,Zanjan,Iran
Ijrud,Zanjan,Iran
Karasf,Zanjan,Iran
Khodabandeh,Zanjan,Iran
Khorramdarreh,Zanjan,Iran
Mahneshan,Zanjan,Iran
Nik Pey,Zanjan,Iran
Nurbahar,Zanjan,Iran
Qeydar,Zanjan,Iran
Sain Qaleh,Zanjan,Iran
Sohrevard,Zanjan,Iran
Sojas,Zanjan,Iran
Soltanieh,Zanjan,Iran
Tarom,Zanjan,Iran
Zanjan,Zanjan,Iran
Zarrin Abad,Zanjan,Iran
Zarrin Rood,Zanjan,Iran
