Alborz,IR,Iran
Ardabil,IR,Iran
Bushehr,IR,Iran
Chaharmahal and Bakhtiari,IR,Iran
East Azerbaijan,IR,Iran
Fars,IR,Iran
Gilan,IR,Iran
Golestan,IR,Iran
Hamadan,IR,Iran
Hormozgan,IR,Iran
Ilam,IR,Iran
Isfahan,IR,Iran
Kerman,IR,Iran
Kermanshah,IR,Iran
Khuzestan,IR,Iran
Kohgiluyeh and Boyer-Ahmad,IR,Iran
Kurdistan,IR,Iran
Lorestan,IR,Iran
Markazi,IR,Iran
Mazandaran,IR,Iran
North Khorasan,IR,Iran
Qazvin,IR,Iran
Qom,IR,Iran
Razavi Khorasan,IR,Iran
Semnan,IR,Iran
Sistan and Baluchestan,IR,Iran
South Khorasan,IR,Iran
Tehran,IR,Iran
West Azarbaijan,IR,Iran
Yazd,IR,Iran
Zanjan,IR,Iran
